sseqid,start location,end location,strand,percent identity,full length of feature in db,length of found feature,percent match length,fragment,database,Feature,Type,Description,sequence
hfriFP,4464,5178,1,100.0,714,714,100.0,False,fpbase,hfriFP,CDS,"hfriFP is a fluorescent protein published in 2013, derived from Herbaspirillum frisingense.",ATGCGTAAAGGAGAAGAACTTTTCACTGGAGTTGTCCCAATTCTTGTTGAATTAGATGGTGATGTTAATGGGCACAAATTTTCTGTCAGTGGAGAGGGTGAAGGTGATGCAACATACGGAAAACTTACCCTTAAATTTATTTGCACTACTGGAAAACTACCTGTTCCATGGCCAACACTTGTCACTACTTTCGGTTATGGTGTTCAATGCTTTGCGAGATACCCAGATCATATGAAACAGCATGACTTTTTCAAGAGTGCCATGCCCGAAGGTTATGTACAGGAAAGAACTATATTTTTCAAAGATGACGGGAACTACAAGACACGTGCTGAAGTCAAGTTTGAAGGTGATACCCTTGTTAATAGAATCGAGTTAAAAGGTATTGATTTTAAAGAAGATGGAAACATTCTTGGACACAAATTGGAATACAACTATAACTCACACAATGTATACATCATGGCAGACAAACAAAAGAATGGAATCAAAGTTAACTTCAAAATTAGACACAACATTGAAGATGGAAGCGTTCAACTAGCAGACCATTATCAACAAAATACTCCAATTGGCGATGGCCCTGTCCTTTTACCAGACAACCATTACCTGTCCACACAATCTGCCCTTTCGAAAGATCCCAACGAAAAGAGAGACCACATGGTCCTTCTTGAGTTTGTAACAGCTGCTGGGATTACACATGGCATGGATGAACTATACAAA
incC,264,515,-1,100.0,251,251,100.0,False,snapgene,incC,misc_feature,incC; incompatibility region of the bacterial F plasmid,TGAGGGTTATCTGTCACAGATTTGAGGGTGGTTCGTCACATTTGTTCTGACCTACTGAGGGTAATTTGTCACAGTTTTGCTGTTTCCTTCAGCCTGCATGGATTTTCTCATACTTTTTGAACTGTAATTTTTAAGGAAGCCAAATTTGAGGGCAGTTTGTCACAGTTGATTTCCTTCTCTTTCCCTTCGTCATGTGACCTGATATCGGGGGTTAGTTCGTCATCATTGATGAGGGTTGATTATCACAGTTT
P03856,520,1273,-1,100.0,753,753,100.0,False,swissprot,repE,CDS,"REPE1_ECOLI - Also known as E, rep. Experimental evidence at protein level: Swiss-Prot protein existence level 1. Replication initiator in the monomeric form, and autogenous repressor in the dimeric form. From Escherichia coli (strain K12).",ATGGCGGAAACAGCGGTTATCAATCACAAGAAACGTAAAAATAGCCCGCGAATCGTCCAGTCAAACGACCTCACTGAGGCGGCATATAGTCTCTCCCGGGATCAAAAACGTATGCTGTATCTGTTCGTTGACCAGATCAGAAAATCTGATGGCACCCTACAGGAACATGACGGTATCTGCGAGATCCATGTTGCTAAATATGCTGAAATATTCGGATTGACCTCTGCGGAAGCCAGTAAGGATATACGGCAGGCATTGAAGAGTTTCGCGGGGAAGGAAGTGGTTTTTTATCGCCCTGAAGAGGATGCCGGTGATGAAAAAGGCTATGAATCTTTTCCTTGGTTTATCAAACGTGCGCACAGTCCATCCAGAGGGCTTTACAGTGTACATATCAACCCATATCTCATTCCCTTCTTTATCGGGTTACAGAACCGGTTTACGCAGTTTCGGCTTAGTGAAACAAAAGAAATCACCAATCCGTATGCCATGCGTTTATACGAATCCCTGTGTCAGTATCGTAAGCCGGATGGCTCAGGCATCGTGTCTCTGAAAATCGACTGGATCATAGAGCGTTACCAGCTGCCTCAAAGTTACCAGCGTATGCCTGACTTCCGCCGCCGCTTCCTGCAAGTCTGTGTTAATGAGATCAACAGCAGAACTCCAATGCGCCTCTCATACATTGAGAAAAAGAAAGGCCGCCAGACGACTCATATCGTATTTTCCTTCCGCGATATCACTTCCATGACGACAGGA
KanR_(5),3333,4149,1,99.387,816,816,100.0,False,snapgene,KanR,CDS,aminoglycoside phosphotransferase; aph(3')-Ia; confers resistance to kanamycin in bacteria or G418 (Geneticin®) in eukaryotes,ATGAGCCATATTCAACGGGAAACGTCTTGCTCGCGCCCGCGATTAAATTCCAACATGGATGCTGATTTATATGGGTATAAATGGGCTCGCGATAATGTCGGGCAATCAGGTGCGACAATCTATCGATTGTATGGGAAGCCCGATGCGCCAGAGTTGTTTCTGAAACATGGCAAAGGTAGCGTTGCCAATGATGTTACAGATGAGATGGTCAGACTAAACTGGCTGACGGAATTTATGCCTCTTCCGACCATCAAGCATTTTATCCGTACTCCTGATGATGCATGGTTACTCACCACTGCGATCCCCGGGAAAACAGCATTCCAGGTATTAGAAGAATATCCTGATTCAGGTGAAAATATTGTTGATGCGCTGGCAGTGTTCCTGCGCCGGTTGCATTCGATTCCTGTTTGTAATTGTCCTTTTAACAGCGATCGCGTATTTCGCCTCGCTCAGGCGCAATCACGAATGAATAACGGTTTGGTTGATGCGAGTGATTTTGATGACGAGCGTAATGGCTGGCCTGTTGAACAAGTCTGGAAAGAAATGCATAAACTGTTGCCATTCTCACCGGATTCAGTCGTCACTCATGGTGATTTCTCACTTGATAACCTTATTTTTGACGAGGGGAAATTAATAGGTTGTATTGATGTTGGACGAGTCGGAATCGCAGACCGATACCAGGATCTTGCCATCCTATGGAACTGCCTCGGTGAGTTTTCTCCTTCATTACAGAAACGGCTTTTTCAAAAATATGGTATTGATAATCCTGATATGAATAAATTGCAGTTTCATTTGATGCTCGATGAGTTTTTCTAA
rrnB_T1_terminator,5200,5272,1,100.0,72,72,100.0,False,snapgene,rrnB T1 terminator,terminator,transcription terminator T1 from the E. coli rrnB gene,CAAATAAAACGAAAGGCTCAGTCGAAAGACTGGGCCTTTCGTTTTATCTGTTGTTTGTCGGTGAACGCTCTC
T7_terminator,37,85,1,100.0,48,48,100.0,False,snapgene,T7 terminator,terminator,transcription terminator for bacteriophage T7 RNA polymerase,CTAGCATAACCCCTTGGGGCCTCTAAACGGGTCTTGAGGGGTTTTTTG
kanMX,3369,4153,1,99.49,1357,784,57.77450257921887,True,snapgene,kanMX,gene,"yeast selectable marker conferring kanamycin resistance (Wach et al., 1994)",CCGCGATTAAATTCCAACATGGATGCTGATTTATATGGGTATAAATGGGCTCGCGATAATGTCGGGCAATCAGGTGCGACAATCTATCGATTGTATGGGAAGCCCGATGCGCCAGAGTTGTTTCTGAAACATGGCAAAGGTAGCGTTGCCAATGATGTTACAGATGAGATGGTCAGACTAAACTGGCTGACGGAATTTATGCCTCTTCCGACCATCAAGCATTTTATCCGTACTCCTGATGATGCATGGTTACTCACCACTGCGATCCCCGGGAAAACAGCATTCCAGGTATTAGAAGAATATCCTGATTCAGGTGAAAATATTGTTGATGCGCTGGCAGTGTTCCTGCGCCGGTTGCATTCGATTCCTGTTTGTAATTGTCCTTTTAACAGCGATCGCGTATTTCGCCTCGCTCAGGCGCAATCACGAATGAATAACGGTTTGGTTGATGCGAGTGATTTTGATGACGAGCGTAATGGCTGGCCTGTTGAACAAGTCTGGAAAGAAATGCATAAACTGTTGCCATTCTCACCGGATTCAGTCGTCACTCATGGTGATTTCTCACTTGATAACCTTATTTTTGACGAGGGGAAATTAATAGGTTGTATTGATGTTGGACGAGTCGGAATCGCAGACCGATACCAGGATCTTGCCATCCTATGGAACTGCCTCGGTGAGTTTTCTCCTTCATTACAGAAACGGCTTTTTCAAAAATATGGTATTGATAATCCTGATATGAATAAATTGCAGTTTCATTTGATGCTCGATGAGTTTTTCTAATCAG
bacterial_terminator,4258,4302,-1,100.0,44,44,100.0,False,snapgene,bacterial terminator,terminator,putative bacterial transcription terminator,GAAATCATCCTTAGCGAAAGCTAAGGATTTTTTTTATCTGAAAT
tonB_terminator,4336,4368,1,100.0,32,32,100.0,False,snapgene,tonB terminator,terminator,bidirectional E. coli tonB-P14 transcription terminator,AGTCAAAAGCCTCCGACCGGAGGCTTTTGACT
lac_promoter,2038,2069,1,100.0,31,31,100.0,False,snapgene,lac promoter,promoter,promoter for the E. coli lac operon,TTTACACTTTATGCTTCCGGCTCGTATGTTG
T7Te_terminator,5287,5315,1,100.0,28,28,100.0,False,snapgene,T7Te terminator,terminator,phage T7 early transcription terminator,GGCTCACCTTCGGGTGGGCCTTTCTGCG
CAP_binding_site,2002,2024,1,100.0,22,22,100.0,False,snapgene,CAP binding site,protein_bind,CAP binding activates transcription in the presence of cAMP. E. coli catabolite activator protein,TAATGTGAGTTAGCTCACTCAT
ori2,1363,1583,-1,99.545,220,220,100.0,False,snapgene,ori2,rep_origin,secondary origin of replication for the bacterial F plasmid; also known as oriS,CTTGGGGTTATCCACTTATCCACGGGGATATTTTTATAATTATTTTTTTTATAGTTTTTAGATCTTCTTTTTTAGAGCGCCTTGTAGGCCTTTATCCATGCTGGTTCTACAGAAGGTGTTGTGACAAATTGCCCTTTCAGTGTGACAAATCACCCTCAAATGACAGTCCTGTCTGTGACAAATTGCCCTTAACCCTGTGACAAATTGCCCTCAGAAGAAG
lac_operator_(2),2076,2093,1,100.0,17,17,100.0,False,snapgene,lac operator,protein_bind,The lac repressor binds to the lac operator to inhibit transcription in E. coli. This inhibition can be relieved by adding lactose or isopropyl-β-D-thiogalactopyranoside (IPTG). lac repressor encoded by lacI,TTGTGAGCGGATAACAA
P19654,2189,3032,1,100.0,843,843,100.0,False,swissprot,repL,CDS,REPL_BPP1 - Protein predicted: Swiss-Prot protein existence level 4. Essential for L-replicon function. Necessary for initiation of DNA replication from the L-replicon at oriL (Probable). From Escherichia phage P1 (Bacteriophage P1).,ATGCTGGCTAAAGTCACTTTCCTGAGCTGTATAACGATGAGCGATTTTACTTTTTCTGGCTATGAATTGGCCTGCTTTGTAACACACTCCGGTCTATCCCGTAGCGCCGGGCATATCCTGTCGCAATGTGCAAATCTCGCGGCAACAACCAGTGAATACTTCATTCACAAGCCTCACCGCCTGATCGCGGCAGAAACTGGTTATAGCCAATCAACCGTCGTTCGTGCATTCCGTGAAGCTGTAAACAAAGGTATCCTGTCTGTAGAGATTGTTATCGGCGATCACCGTGAACGTCGCGCTAACCTGTACCGGTTTACACCATCCTTTTTGGCCTTCGCACAACAAGCCAAAAATGCGCTGATAGAAAGCAAATTAAAGATCTCTTCAGCGGCAACCAAGGTTAAAGCTGTTCTCGCTAAGACATTGGCTTTATTTAATTTTTTATCCACACCCCCATGTCAAAATGATACCCCCTCCCCCTGTCAGGATGACGTGGCAATAAAGAATAAGAAGTCACAAGTTAAAAAAACAAAAAGATCAGTTTCCGGCGGTGCCGGAACAACCAGCCTCAAAAAATTGACTTCATGGATCGCTAAGGCAAAAGCAAAGGCTGACAATCTGCGGTTATCCAAAAAACGCACTCAAAAACATGAGTTCAAGCAGAAAGTAGAGGCGGCTGCGCGGAAATATGCTTACCTGAAGAACAAGCGTTCGCCTGATATTGGCGGGATATCAAACTTCGATAACCTACCGCATTGCATGACGGTAAACGAAGCTCTTAATGCGGTTTTAGCCAAAAATAAAGATAACGAACAATGGGGTATACCGGCAGGATTCAGAGGG
J23119_promoter,4406,4438,1,96.875,35,32,91.42857142857143,True,snapgene,J23119 promoter,promoter,bacterial promoter (Registry of Standard Biological Parts BBa J23119),ACAGCTAGCTCAGTCCTAGGTATTATGCTAGC
T5_promoter,2076,2095,1,100.0,45,19,42.22222222222222,True,snapgene,T5 promoter,promoter,"bacteriophage T5 promoter for E. coli RNA polymerase, with embedded lac operator",TTGTGAGCGGATAACAATT
f1_ori_(2),142,191,1,100.0,359,49,13.649025069637887,True,snapgene,f1 ori,rep_origin,f1 bacteriophage origin of replication; arrow indicates direction of (+) strand synthesis ,GTCCACGTTCTTTAATAGTGGACTCTTGTTCCAAACTGGAACAACACTC
lacI,1934,1990,1,100.0,1083,56,5.170821791320407,True,snapgene,lacI,CDS,lac repressor; lacI; The lac repressor binds to the lac operator to inhibit transcription in E. coli. This inhibition can be relieved by adding lactose or isopropyl-β-D-thiogalactopyranoside (IPTG).,CCGATTCATTAATGCAGCTGGCACGACAGGTTTCCCGACTGGAAAGCGGGCAGTGA
P62590,1799,1937,-1,100.0,1011,138,13.649851632047472,True,swissprot,int,CDS,INT2_ECOLX - Protein inferred from homology: Swiss-Prot protein existence level 3. Putative integrase believed to be involved in the insertion of antibiotic resistance genes into plasmids and transposons. From Escherichia coli.,CGGATCAGTGAGGGTTTGCAACTGCGGGTCAAGGATCTGGATTTCGATCACGGCACGATCATCGTGCGGGAGGGCAAGGGCTCCAAGGATCGGGCCTTGATGTTACCCGAGAGCTTGGCACCCAGCCTGCGCGAGCAG
Q02940,1988,2084,1,68.8,939,96,10.223642172523967,True,swissprot,penA,CDS,PENA_BURM1 - Experimental evidence at transcript level: Swiss-Prot protein existence level 2. Upon expression in E.coli enables the latter to utilize penicillin as a carbon source. From Burkholderia multivorans (strain ATCC 17616 / 249).,GAGCGCAACGCAATTAATGTGAGTTAGCTCACTCATTAGGCACCCCAGGCTTTACACTTTATGCTTCCGGCTCGTATGTTGTGTGGAATTGTGAGC
lacZ_alpha,4319,4336,-1,100.0,174,17,9.770114942528735,True,snapgene,lacZα,CDS,LacZα fragment of β-galactosidase; lacZ fragment,ACTGGCCGTCGTTTTAC
